"","block","image"
"1","Scene1","Car.crash.1"
"2","Scene2","Fire.3"
"3","Scene3","Explosion.1"
"4","Scene4","Graveyard.2"
"5","Scene5","Car.race.2"
"6","Scene6","Lightning.3"
"7","Scene7","Skydiving.1"
"8","Scenes8","Galaxy.5"
"9","Scene9","Sunset.4"
"10","Animal1","Dog.24"
"11","Animal2","Dog.31"
"12","Animal3","Snake.5"
"13","Animal4","Shark.4"
"14","Animal5","Bear.2"
"15","Animal6","Bird.5"
"16","Animal7","Cat.1"
"17","Animal8","Bird.3"
"18","Animal9","Cat.5"
"19","Object1","Bloody.knife.1"
"20","Object2","Plane.crash.4"
"21","Object3","Gun.7"
"22","Object4","Knife.1"
"23","Object5","Gargoyle.1"
"24","Object6","Keys.1"
"25","Object7","Alcohol.4"
"26","Object8","Wedding.7"
"27","Object9","Coffee.1"
"28","Person1","KKK.rally.1"
"29","Person2","Police.2"
"30","Person3","Hangover.1"
"31","Person4","Surgery.4"
"32","Person5","Depressed.face.1"
"33","Person6","Rock.climbing.2"
"34","Person7","Wedding.3"
"35","Person8","Picnic.1"
"36","Person9","Mother.1"
